name,height,weight
alex,167.0812,51.25136008
ajay,181.6608,61.91077208
alice,176.276,69.41318376
ravi,173.2788,64.56428528000001
joe,172.18660000000003,65.4533256
jack,174.49800000000002,55.9278936
tom,177.292,64.17873208
tracy,177.8254,61.89716432
john,172.466,50.97013304
simon,172.466,50.97013304
jacob,169.62120000000002,54.73494664
cindy,168.88459999999998,57.8103004
ivan,171.75480000000002,51.77299088
